GPU,GPU_RunningScore
RTX4090,2.0
RTX4080,1.684116016707655
RTX4070Ti,1.4737479017839716
RTX4070,1.2827028926103758
RTX4060Ti,1.1115275012686887
RTX4060,1.0
